City_ID,City,Country,Date,Lat,Lng,Max Temp,Humidity,Cloudiness,Wind Speed
0,Bluff,NZ,2022-04-15 16:20:17,-46.6,168.3333,59.81,66,92,25.61
1,Albany,US,2022-04-15 16:20:18,42.6001,-73.9662,63.28,22,1,3.0
2,Cherskiy,RU,2022-04-15 16:20:18,68.75,161.3,3.94,100,92,3.15
3,Rikitea,PF,2022-04-15 16:18:56,-23.1203,-134.9692,77.45,70,0,15.12
4,Port Alfred,ZA,2022-04-15 16:20:19,-33.5906,26.891,61.18,81,99,3.0
5,Mar Del Plata,AR,2022-04-15 16:16:39,-38.0023,-57.5575,64.42,79,0,15.01
6,Vallenar,CL,2022-04-15 16:20:20,-28.5708,-70.7581,70.43,38,0,4.83
7,Tuktoyaktuk,CA,2022-04-15 16:18:17,69.4541,-133.0374,-14.8,76,20,2.3
8,Hermanus,ZA,2022-04-15 16:20:20,-34.4187,19.2345,60.6,54,4,18.3
9,Busselton,AU,2022-04-15 16:15:48,-33.65,115.3333,58.5,91,3,7.54
10,Cape Town,ZA,2022-04-15 16:18:14,-33.9258,18.4232,64.11,59,20,20.71
11,Torbay,CA,2022-04-15 16:20:21,47.6666,-52.7314,42.89,58,40,10.36
12,Cayenne,GF,2022-04-15 16:20:22,4.9333,-52.3333,86.04,9,20,17.27
13,Severo-Kurilsk,RU,2022-04-15 16:20:22,50.6789,156.125,25.63,76,19,6.49
14,Basco,PH,2022-04-15 16:20:23,20.4487,121.9702,76.98,77,58,24.83
15,Sechura,PE,2022-04-15 16:20:23,-5.5569,-80.8222,77.86,57,13,14.36
16,Georgetown,MY,2022-04-15 16:20:24,5.4112,100.3354,82.35,89,20,2.3
17,Punta Arenas,CL,2022-04-15 16:20:24,-53.15,-70.9167,51.91,87,75,6.91
18,Cabo San Lucas,MX,2022-04-15 16:15:26,22.8909,-109.9124,79.11,45,20,0.0
19,Oksfjord,NO,2022-04-15 16:20:25,70.2396,22.3479,39.27,91,98,6.98
20,Bria,CF,2022-04-15 16:20:25,6.5423,21.9863,79.99,64,84,11.72
21,Atuona,PF,2022-04-15 16:20:26,-9.8,-139.0333,78.46,78,29,15.03
22,Port Elizabeth,ZA,2022-04-15 16:20:26,-33.918,25.5701,62.1,60,0,8.05
23,Yumen,CN,2022-04-15 16:20:27,40.2833,97.2,45.48,14,98,21.68
24,Tasiilaq,GL,2022-04-15 16:20:27,65.6145,-37.6368,35.76,97,100,13.04
25,Flin Flon,CA,2022-04-15 16:20:27,54.7682,-101.865,17.44,41,100,10.36
26,Hilo,US,2022-04-15 16:16:57,19.7297,-155.09,74.28,88,75,6.91
27,Erzin,TR,2022-04-15 16:20:28,36.9559,36.2,60.33,52,6,2.86
28,Norden,DE,2022-04-15 16:20:28,53.6,7.2,48.15,79,80,8.63
29,Kargasok,RU,2022-04-15 16:20:29,59.0556,80.8572,40.48,100,100,6.31
30,Butaritari,KI,2022-04-15 16:18:20,3.0707,172.7902,80.44,73,100,3.22
31,Luderitz,NA,2022-04-15 16:20:29,-26.6481,15.1594,64.42,61,0,31.61
32,Saint-Philippe,RE,2022-04-15 16:20:30,-21.3585,55.7679,78.39,83,54,15.3
33,Pangai,TO,2022-04-15 16:20:30,-19.8,-174.35,81.36,78,88,15.3
34,Neuquen,AR,2022-04-15 16:20:31,-38.9516,-68.0591,69.69,46,0,2.3
35,Hithadhoo,MV,2022-04-15 16:20:31,-0.6,73.0833,83.95,64,9,2.39
36,Durango,MX,2022-04-15 16:15:37,24.8333,-104.8333,69.55,14,65,3.24
37,Upernavik,GL,2022-04-15 16:20:31,72.7868,-56.1549,-6.29,91,29,13.27
38,Fortuna,US,2022-04-15 16:20:32,40.5982,-124.1573,43.66,95,20,4.61
39,Isangel,VU,2022-04-15 16:20:32,-19.55,169.2667,79.45,83,61,7.7
40,Tuatapere,NZ,2022-04-15 16:20:32,-46.1333,167.6833,57.69,74,85,10.87
41,Arraial Do Cabo,BR,2022-04-15 16:20:33,-22.9661,-42.0278,76.86,53,75,24.16
42,Altay,CN,2022-04-15 16:20:33,47.8667,88.1167,35.91,34,0,9.91
43,Ponta Do Sol,PT,2022-04-15 16:20:34,32.6667,-17.1,73.71,76,49,5.19
44,Sao Joao Da Barra,BR,2022-04-15 16:19:32,-21.6403,-41.0511,77.09,57,98,23.71
45,Hasaki,JP,2022-04-15 16:21:34,35.7333,140.8333,46.8,89,100,31.27
46,Ushuaia,AR,2022-04-15 16:21:34,-54.8,-68.3,44.26,87,40,3.44
47,Golfito,CR,2022-04-15 16:21:35,8.639,-83.166,87.57,64,99,3.18
48,Finschhafen,PG,2022-04-15 16:21:35,-6.6024,147.8681,78.85,84,98,3.89
49,Barrow,US,2022-04-15 16:17:02,71.2906,-156.7887,-5.78,77,0,20.71
50,Puerto Ayora,EC,2022-04-15 16:21:36,-0.7393,-90.3518,80.56,80,60,11.83
51,Lebu,CL,2022-04-15 16:21:36,-37.6167,-73.65,58.87,68,68,7.07
52,Saldanha,ZA,2022-04-15 16:20:48,-33.0117,17.9442,68.05,55,0,24.07
53,Turiacu,BR,2022-04-15 16:21:36,-1.6633,-45.3717,80.02,90,100,6.02
54,Mataura,NZ,2022-04-15 16:21:37,-46.1927,168.8643,59.49,64,92,11.34
55,Masterton,NZ,2022-04-15 16:21:37,-40.9597,175.6575,52.88,90,10,4.52
56,Bathsheba,BB,2022-04-15 16:21:37,13.2167,-59.5167,86.61,66,40,21.85
57,Elko,US,2022-04-15 16:21:38,41.0002,-115.5012,41.05,76,82,11.01
58,Laguna,US,2022-04-15 16:20:31,38.421,-121.4238,57.76,76,0,8.05
59,Samarai,PG,2022-04-15 16:21:38,-10.6167,150.6667,81.82,78,76,9.71
60,Whitianga,NZ,2022-04-15 16:17:47,-36.8333,175.7,58.86,88,60,1.7
61,Istok,XK,2022-04-15 16:19:08,42.7808,20.4875,67.33,54,33,2.1
62,Biak,ID,2022-04-15 16:21:39,-0.9131,122.8766,76.69,85,93,0.78
63,Jalu,LY,2022-04-15 16:21:39,29.0331,21.5482,94.53,8,83,23.4
64,Mathathane,BW,2022-04-15 16:21:39,-22.2687,28.7495,86.5,29,88,5.84
65,Xianyang,CN,2022-04-15 16:21:40,34.3378,108.7026,45.64,93,75,11.18
66,Hobart,AU,2022-04-15 16:20:19,-42.8794,147.3294,55.26,72,100,4.61
67,Souillac,MU,2022-04-15 16:21:40,-20.5167,57.5167,77.38,83,40,13.8
68,Vaini,TO,2022-04-15 16:21:41,-21.2,-175.2,78.96,89,40,4.61
69,Kapaa,US,2022-04-15 16:21:41,22.0752,-159.319,71.92,86,40,13.8
70,Desaguadero,PE,2022-04-15 16:21:41,-16.5656,-69.0417,53.49,42,0,7.81
71,Qaanaaq,GL,2022-04-15 16:21:42,77.484,-69.3632,-1.35,93,100,1.95
72,Kodiak,US,2022-04-15 16:21:42,57.79,-152.4072,38.71,93,100,9.22
73,Puerto Madryn,AR,2022-04-15 16:18:04,-42.7692,-65.0385,76.93,25,0,12.44
74,Mananara,MG,2022-04-15 16:21:42,-16.1667,49.7667,76.53,92,20,4.99
75,Takoradi,GH,2022-04-15 16:21:43,4.8845,-1.7554,83.46,72,100,11.3
76,Ilulissat,GL,2022-04-15 16:21:43,69.2167,-51.1,12.22,57,75,9.22
77,Bengkulu,ID,2022-04-15 16:21:44,-3.8004,102.2655,78.01,87,100,4.21
78,Manuk Mangkaw,PH,2022-04-15 16:21:44,4.8,119.85,82.4,76,67,8.37
79,Praya,CV,2022-04-15 16:21:44,14.9215,-23.5087,79.34,50,20,14.97
80,Adrar,MR,2022-04-15 16:21:45,20.5022,-10.0711,95.83,7,0,5.01
81,Waitati,NZ,2022-04-15 16:21:45,-45.75,170.5667,55.8,75,100,5.97
82,Yellowknife,CA,2022-04-15 16:21:45,62.456,-114.3525,16.29,62,75,5.75
83,Mogadishu,SO,2022-04-15 16:20:45,2.0371,45.3438,82.81,75,79,14.54
84,Port Lincoln,AU,2022-04-15 16:21:46,-34.7333,135.8667,65.32,84,0,10.85
85,Bijawar,IN,2022-04-15 16:21:46,24.6333,79.5,91.98,12,60,7.36
86,Lagoa,PT,2022-04-15 16:21:47,39.05,-27.9833,58.8,79,79,20.33
87,Geraldton,AU,2022-04-15 16:17:30,-28.7667,114.6,64.81,94,75,3.44
88,Thompson,CA,2022-04-15 16:21:47,55.7435,-97.8558,14.16,44,75,17.27
89,Koslan,RU,2022-04-15 16:21:48,63.4564,48.8989,29.37,72,100,8.57
90,Carutapera,BR,2022-04-15 16:21:48,-1.195,-46.02,81.01,87,99,8.3
91,Bredasdorp,ZA,2022-04-15 16:22:48,-34.5322,20.0403,59.45,52,47,11.61
92,Jamestown,US,2022-04-15 16:22:12,42.097,-79.2353,56.52,35,100,23.02
93,Rio Grande,BR,2022-04-15 16:22:49,-32.035,-52.0986,73.51,61,73,13.73
94,Vostok,RU,2022-04-15 16:22:49,46.4856,135.8833,24.15,81,8,5.37
95,Nome,US,2022-04-15 16:22:49,64.5011,-165.4064,37.11,69,100,23.02
96,Longyearbyen,SJ,2022-04-15 16:22:50,78.2186,15.6401,30.04,64,100,2.3
97,Batemans Bay,AU,2022-04-15 16:22:50,-35.7167,150.1833,63.1,84,100,4.14
98,Kruisfontein,ZA,2022-04-15 16:22:50,-34.0033,24.7314,59.88,53,100,7.31
99,Gardez,AF,2022-04-15 16:22:51,33.5974,69.2259,59.72,16,2,4.34
100,Chokurdakh,RU,2022-04-15 16:22:51,70.6333,147.9167,9.75,96,100,4.07
101,Mbini,GQ,2022-04-15 16:22:51,1.574,9.6134,81.63,76,85,4.52
102,Pangnirtung,CA,2022-04-15 16:20:57,66.1451,-65.7125,-4.0,77,0,2.3
103,Maarianhamina,AX,2022-04-15 16:22:52,60.0973,19.9348,40.86,52,0,12.66
104,Faya,SA,2022-04-15 16:22:52,18.3851,42.4509,69.91,37,4,7.56
105,Namibe,AO,2022-04-15 16:22:53,-15.1961,12.1522,74.88,70,75,12.55
106,Novoagansk,RU,2022-04-15 16:22:53,61.9449,76.6625,41.79,99,100,9.01
107,Chumikan,RU,2022-04-15 16:22:53,54.7183,135.315,20.25,96,100,3.98
108,New Norfolk,AU,2022-04-15 16:22:54,-42.7826,147.0587,54.9,68,66,1.01
109,Amga,RU,2022-04-15 16:22:54,60.8953,131.9608,18.72,98,99,2.8
110,Sept-Iles,CA,2022-04-15 16:22:49,50.2001,-66.3821,35.06,95,100,14.97
111,Saint George,US,2022-04-15 16:21:51,37.1041,-113.5841,63.43,19,0,3.44
112,Victoria,HK,2022-04-15 16:20:04,22.2855,114.1577,74.32,78,43,17.0
113,Husavik,IS,2022-04-15 16:22:15,66.0449,-17.3389,48.72,67,99,13.02
114,Castro,BR,2022-04-15 16:22:55,-24.7911,-50.0119,66.15,45,0,4.09
115,Kavieng,PG,2022-04-15 16:22:55,-2.5744,150.7967,81.97,79,61,9.86
116,Tessalit,ML,2022-04-15 16:22:55,20.1986,1.0114,92.37,8,15,16.49
117,Ponta Delgada,PT,2022-04-15 16:22:31,37.7333,-25.6667,65.12,82,40,13.8
118,Mananjary,MG,2022-04-15 16:22:56,-21.2167,48.3333,75.43,91,8,5.3
119,Lata,PT,2022-04-15 16:22:56,40.1629,-8.3327,63.81,49,79,9.57
120,Raub,MY,2022-04-15 16:22:57,3.7899,101.857,75.63,96,100,1.52
121,Sabha,LY,2022-04-15 16:22:57,27.0377,14.4283,90.99,11,0,14.32
122,Slave Lake,CA,2022-04-15 16:22:57,55.2834,-114.769,26.58,63,0,3.44
123,Puertollano,ES,2022-04-15 16:22:58,38.6871,-4.1073,73.18,34,0,7.92
124,Nikolskoye,RU,2022-04-15 16:22:45,59.7035,30.7861,40.91,88,100,8.32
125,Vestmannaeyjar,IS,2022-04-15 16:18:24,63.4427,-20.2734,47.39,93,100,26.46
126,Lodja,CD,2022-04-15 16:22:58,-3.4833,23.4333,70.2,99,100,2.17
127,Meulaboh,ID,2022-04-15 16:22:59,4.1363,96.1285,78.91,87,100,2.55
128,Rawson,AR,2022-04-15 16:22:59,-43.3002,-65.1023,76.12,25,0,11.45
129,Ranong,TH,2022-04-15 16:22:59,9.9658,98.6348,79.75,80,4,4.68
130,San Jose,US,2022-04-15 16:20:08,37.3394,-121.895,56.08,74,100,5.75
131,Nizwa,OM,2022-04-15 16:23:00,22.9333,57.5333,91.2,13,76,2.04
132,Alofi,NU,2022-04-15 16:23:00,-19.0595,-169.9187,69.69,100,6,2.3
133,Acapulco,MX,2022-04-15 16:23:00,16.8634,-99.8901,84.02,65,75,5.75
134,Vanimo,PG,2022-04-15 16:23:01,-2.6741,141.3028,78.67,88,86,4.38
135,Dikson,RU,2022-04-15 16:23:01,73.5069,80.5464,21.7,95,100,14.18
136,Olafsvik,IS,2022-04-15 16:20:49,64.8945,-23.7142,44.96,91,100,24.45
137,Chanute,US,2022-04-15 16:24:02,37.6792,-95.4572,64.51,36,0,12.66
138,Nicoya,CR,2022-04-15 16:24:02,10.1483,-85.452,91.8,44,97,9.84
139,Hay River,CA,2022-04-15 16:24:02,60.8156,-115.7999,24.78,39,20,1.14
140,Bethel,US,2022-04-15 16:19:17,41.3712,-73.414,65.35,27,20,9.22
141,Ustka,PL,2022-04-15 16:24:03,54.5805,16.8619,40.87,82,91,20.27
142,Pevek,RU,2022-04-15 16:24:04,69.7008,170.3133,5.9,93,52,0.98
143,Guerrero Negro,MX,2022-04-15 16:24:04,27.9769,-114.0611,62.47,67,100,16.91
144,Saint Anthony,US,2022-04-15 16:24:04,45.0205,-93.218,29.34,54,20,24.16
145,Santarem,BR,2022-04-15 16:24:05,-2.4431,-54.7083,84.33,79,40,8.05
146,Shahrud,IR,2022-04-15 16:24:05,36.4182,54.9763,56.98,58,61,13.44
147,Klaksvik,FO,2022-04-15 16:22:42,62.2266,-6.589,49.12,98,100,15.32
148,Golkoy,TR,2022-04-15 16:24:06,40.6875,37.6178,40.41,92,89,3.04
149,Limoges,FR,2022-04-15 16:24:06,45.75,1.3333,70.36,43,0,11.5
150,Avarua,CK,2022-04-15 16:22:41,-21.2078,-159.775,73.45,100,6,2.3
151,Aklavik,CA,2022-04-15 16:24:07,68.2191,-135.0107,-7.13,98,100,0.43
152,Khatanga,RU,2022-04-15 16:24:07,71.9667,102.5,12.79,85,100,14.25
153,Yatou,CN,2022-04-15 16:24:07,37.15,122.3833,44.91,47,60,10.31
154,Buala,SB,2022-04-15 16:24:08,-8.145,159.5921,76.95,87,100,2.55
155,Bhuj,IN,2022-04-15 16:21:02,23.2667,69.6667,80.74,67,0,18.03
156,Kamsack,CA,2022-04-15 16:24:08,51.5667,-101.9009,14.86,80,100,12.73
157,Yerbogachen,RU,2022-04-15 16:24:09,61.2767,108.0108,13.14,94,100,0.98
158,Chiesanuova,SM,2022-04-15 16:24:09,43.9045,12.4214,62.83,55,0,6.91
159,Ojinaga,MX,2022-04-15 16:24:10,29.5667,-104.4167,77.95,53,0,5.75
160,Srednekolymsk,RU,2022-04-15 16:24:10,67.45,153.6833,10.56,97,100,3.2
161,Cidreira,BR,2022-04-15 16:24:10,-30.1811,-50.2056,63.9,70,100,8.08
162,Komsomolskiy,UZ,2022-04-15 16:23:39,40.4272,71.7189,68.72,34,0,4.61
163,Road Town,VG,2022-04-15 16:24:11,18.4167,-64.6167,84.29,61,40,13.8
164,Baykit,RU,2022-04-15 16:24:12,61.67,96.37,33.93,99,100,0.47
165,Surt,LY,2022-04-15 16:24:12,31.2089,16.5887,76.48,42,0,5.99
166,Gondanglegi,ID,2022-04-15 16:24:13,-7.7479,112.0132,76.12,91,75,5.73
167,Egvekinot,RU,2022-04-15 16:22:37,66.3167,-179.1667,19.42,86,95,18.79
168,Denpasar,ID,2022-04-15 16:24:13,-8.65,115.2167,78.46,100,75,9.22
169,Puerto Del Rosario,ES,2022-04-15 16:24:14,28.5004,-13.8627,71.35,64,0,25.32
170,Staryy Nadym,RU,2022-04-15 16:21:18,65.6118,72.6842,28.24,87,100,8.19
171,Marinette,US,2022-04-15 16:24:14,45.1,-87.6307,32.05,51,40,14.97
172,Rosamorada,MX,2022-04-15 16:24:14,22.1222,-105.2058,84.97,34,100,2.46
173,Liaoyang,CN,2022-04-15 16:24:15,41.2719,123.1731,43.12,32,0,11.14
174,Falmouth,GB,2022-04-15 16:24:15,50.1544,-5.0711,56.41,94,75,4.61
175,Rocha,UY,2022-04-15 16:24:15,-34.4833,-54.3333,67.8,60,89,9.4
176,Clyde River,CA,2022-04-15 16:24:16,70.4692,-68.5914,-1.97,78,0,11.5
177,Glendive,US,2022-04-15 16:24:16,47.1053,-104.7125,20.75,79,75,10.36
178,Huanan,CN,2022-04-15 16:24:17,46.2167,130.5167,45.7,33,83,12.39
179,East London,ZA,2022-04-15 16:24:17,-33.0153,27.9116,59.94,94,75,14.97
180,Whitehorse,CA,2022-04-15 16:23:58,60.7161,-135.0538,21.97,44,75,4.61
181,Monroe,US,2022-04-15 16:21:09,43.1501,-77.6831,60.85,35,75,18.41
182,Dunedin,NZ,2022-04-15 16:24:18,-45.8742,170.5036,55.8,75,100,3.0
183,Naples,IT,2022-04-15 16:20:38,40.8333,14.25,74.37,37,0,7.0
184,Inirida,CO,2022-04-15 16:25:19,3.8653,-67.9239,84.06,67,99,4.25
185,Sosnovo-Ozerskoye,RU,2022-04-15 16:25:19,52.5249,111.5418,32.41,72,100,12.17
186,Carnarvon,AU,2022-04-15 16:23:20,-24.8667,113.6333,77.07,69,45,10.36
187,Nanortalik,GL,2022-04-15 16:25:20,60.1432,-45.2371,26.98,70,100,12.21
188,Mayo,US,2022-04-15 16:25:21,38.8876,-76.5119,70.56,28,0,4.0
189,Bolitoc,PH,2022-04-15 16:25:21,15.7395,119.8769,78.64,80,81,6.6
190,Nichinan,JP,2022-04-15 16:25:22,31.6,131.3667,60.84,87,100,9.31
191,Aden,YE,2022-04-15 16:25:22,12.7794,45.0367,82.99,74,30,17.4
192,Chuy,UY,2022-04-15 16:25:23,-33.6971,-53.4616,68.52,57,80,10.45
193,Nizhniy Tsasuchey,RU,2022-04-15 16:25:23,50.5167,115.1333,39.79,52,100,17.29
194,Banda Aceh,ID,2022-04-15 16:25:24,5.5577,95.3222,81.73,76,35,1.21
195,Ribeira Grande,PT,2022-04-15 16:25:24,38.5167,-28.7,63.0,72,75,16.11
196,Veliki Preslav,BG,2022-04-15 16:25:24,43.1667,26.8167,64.53,56,8,6.76
197,Half Moon Bay,US,2022-04-15 16:25:25,37.4636,-122.4286,56.44,78,0,5.75
198,Krasnovishersk,RU,2022-04-15 16:25:25,60.4078,57.082,33.08,100,100,1.57
199,Vranjska Banja,RS,2022-04-15 16:25:26,42.555,21.9922,67.32,46,13,2.98
200,Umm Lajj,SA,2022-04-15 16:23:03,25.0213,37.2685,76.91,63,0,8.28
201,Tirumullaivasal,IN,2022-04-15 16:25:26,11.2333,79.8333,85.35,76,46,14.07
202,Ballina,AU,2022-04-15 16:25:27,-28.8667,153.5667,64.36,92,75,6.91
203,Newcastle,AU,2022-04-15 16:25:27,-32.9272,151.7765,63.64,91,100,0.0
204,Arica,CL,2022-04-15 16:25:27,-18.475,-70.3042,72.95,64,75,11.5
205,Pittsburg,US,2022-04-15 16:24:22,38.028,-121.8847,57.25,72,0,8.05
206,Mehamn,NO,2022-04-15 16:25:28,71.0357,27.8492,35.56,99,99,15.5
207,Airai,TL,2022-04-15 16:22:27,-8.9266,125.4092,62.1,93,100,2.35
208,Tiksi,RU,2022-04-15 16:25:28,71.6872,128.8694,-4.99,100,100,5.35
209,Gushikawa,JP,2022-04-15 16:25:29,26.3544,127.8686,70.83,76,75,9.22
210,Tura,IN,2022-04-15 16:25:29,25.5198,90.2201,76.23,85,1,10.85
211,Ukiah,US,2022-04-15 16:24:16,39.1502,-123.2078,46.36,89,75,0.0
212,Saint-Pierre,RE,2022-04-15 16:24:12,-21.3393,55.4781,78.48,74,0,21.85
213,Flagstaff,US,2022-04-15 16:25:08,35.1981,-111.6513,57.11,21,0,17.27
214,Dingle,PH,2022-04-15 16:25:30,10.9995,122.6711,76.03,92,62,1.97
215,Fort Nelson,CA,2022-04-15 16:25:30,58.8053,-122.7002,20.79,38,20,4.61
216,Ulagan,RU,2022-04-15 16:25:30,50.6321,87.9563,31.14,78,3,1.97
217,Honningsvag,NO,2022-04-15 16:25:31,70.9821,25.9704,37.15,81,100,21.85
218,Santa Maria,BR,2022-04-15 16:25:31,-29.6842,-53.8069,67.3,49,40,6.91
219,Charlestown,AU,2022-04-15 16:25:31,-32.95,151.6667,63.68,91,100,3.29
220,Jinka,ET,2022-04-15 16:25:32,5.65,36.65,67.21,81,100,3.11
221,Gushi,CN,2022-04-15 16:25:32,34.6425,109.5843,48.04,72,100,3.62
222,Esperance,AU,2022-04-15 16:25:33,-33.8667,121.9,58.84,74,2,13.89
223,Atar,MR,2022-04-15 16:25:33,20.5169,-13.0499,97.7,5,0,9.51
224,Grand Gaube,MU,2022-04-15 16:25:33,-20.0064,57.6608,77.4,83,7,7.0
225,Cochrane,CA,2022-04-15 16:23:26,51.1834,-114.4687,24.91,70,100,4.61
226,Beringovskiy,RU,2022-04-15 16:25:34,63.05,179.3167,29.97,97,100,20.38
227,Kiruna,SE,2022-04-15 16:25:34,67.8557,20.2251,32.92,51,0,6.91
228,Dwarka,IN,2022-04-15 16:26:35,22.2394,68.9678,80.91,79,2,14.12
229,Berlevag,NO,2022-04-15 16:26:35,70.8578,29.0864,35.4,97,86,10.94
230,Bandiagara,ML,2022-04-15 16:26:35,14.3501,-3.6104,103.71,13,53,2.42
231,Bilibino,RU,2022-04-15 16:26:36,68.0546,166.4372,4.48,95,27,4.41
232,Paamiut,GL,2022-04-15 16:26:36,61.994,-49.6678,22.53,70,43,14.63
233,Mackay,AU,2022-04-15 16:25:39,-21.15,149.2,66.69,88,75,5.75
234,Khash,IR,2022-04-15 16:26:37,28.2211,61.2158,81.54,13,52,15.17
235,Tahta,EG,2022-04-15 16:26:37,26.7693,31.5021,88.07,6,0,14.09
236,Kihei,US,2022-04-15 16:26:37,20.785,-156.4656,72.84,77,20,9.22
237,Te Anau,NZ,2022-04-15 16:26:38,-45.4167,167.7167,54.32,82,80,10.69
238,Bemidji,US,2022-04-15 16:26:38,47.4736,-94.8803,23.05,73,100,16.11
239,Caucaia,BR,2022-04-15 16:24:24,-3.7361,-38.6531,87.75,69,20,9.22
240,San Quintin,MX,2022-04-15 16:26:38,30.4833,-115.95,61.25,68,79,15.23
241,Aykhal,RU,2022-04-15 16:26:39,66.0,111.5,-5.37,100,100,2.89
242,Qandala,SO,2022-04-15 16:26:39,11.472,49.8728,86.67,46,83,6.11
243,Nisko,PL,2022-04-15 16:26:39,50.5199,22.1397,53.28,89,100,1.01
244,San Cristobal,VE,2022-04-15 16:23:31,7.7669,-72.225,78.98,64,88,7.09
245,Keetmanshoop,NA,2022-04-15 16:26:40,-26.5833,18.1333,74.17,22,38,11.72
246,Ust-Tsilma,RU,2022-04-15 16:26:40,65.441,52.1498,25.61,81,100,7.61
247,Rincon,US,2022-04-15 16:26:40,32.296,-81.2354,76.86,35,0,11.5
248,Vardo,NO,2022-04-15 16:26:41,70.3705,31.1107,34.36,77,57,8.48
249,Dunmore Town,BS,2022-04-15 16:26:41,25.5,-76.65,76.08,81,100,11.65
250,Kavaratti,IN,2022-04-15 16:26:41,10.5669,72.642,83.8,71,41,0.98
251,Cairns,AU,2022-04-15 16:26:42,-16.9167,145.7667,73.35,89,67,5.75
252,Mackenzie,CA,2022-04-15 16:26:42,55.2999,-123.1698,26.82,46,0,6.91
253,Kalmunai,LK,2022-04-15 16:26:42,7.4167,81.8167,80.98,85,11,11.79
254,Saskylakh,RU,2022-04-15 16:26:43,71.9167,114.0833,-18.78,100,40,4.14
255,Petropavlovsk-Kamchatskiy,RU,2022-04-15 16:26:43,53.0452,158.6483,25.39,68,40,2.24
256,Kungurtug,RU,2022-04-15 16:22:07,50.5994,97.5228,22.08,93,10,1.83
257,Nikel,RU,2022-04-15 16:26:44,69.4128,30.222,35.78,92,85,8.34
258,Vestmanna,FO,2022-04-15 16:26:44,62.1564,-7.1664,47.32,100,100,14.97
259,Martapura,ID,2022-04-15 16:26:44,-3.4167,114.85,75.97,92,51,2.37
260,Great Yarmouth,GB,2022-04-15 16:22:25,52.6083,1.7305,61.07,84,100,8.59
261,Anadyr,RU,2022-04-15 16:26:45,64.75,177.4833,32.5,80,40,29.08
262,Karlskrona,SE,2022-04-15 16:26:45,56.1616,15.5866,46.85,58,25,16.51
263,Raudeberg,NO,2022-04-15 16:26:46,61.9875,5.1352,47.95,86,99,17.87
264,Haines Junction,CA,2022-04-15 16:26:46,60.7522,-137.5108,19.35,58,14,2.3
265,Ahipara,NZ,2022-04-15 16:24:09,-35.1667,173.1667,55.2,87,96,4.59
266,Kurilsk,RU,2022-04-15 16:26:46,45.2333,147.8833,31.39,88,95,5.53
267,Sao Jose Da Coroa Grande,BR,2022-04-15 16:26:47,-8.8978,-35.1478,85.75,61,61,9.75
268,Guaraniacu,BR,2022-04-15 16:26:47,-25.1008,-52.8781,69.3,33,0,2.21
269,La Ronge,CA,2022-04-15 16:23:32,55.1001,-105.2842,19.62,38,75,5.75
270,Zyryanskoye,RU,2022-04-15 16:26:47,56.8306,86.6258,36.0,91,84,6.24
271,Fort Frances,CA,2022-04-15 16:26:48,48.5999,-93.4003,20.16,75,100,12.66
272,Baghmara,IN,2022-04-15 16:27:48,23.795,86.2085,92.3,11,73,2.3
273,Prainha,BR,2022-04-15 16:27:49,-1.8,-53.48,84.94,67,93,5.39
274,Saint Marys,US,2022-04-15 16:27:49,30.7305,-81.5465,80.65,76,0,17.27
275,Tazovskiy,RU,2022-04-15 16:27:49,67.4667,78.7,23.0,90,41,15.26
276,Coos Bay,US,2022-04-15 16:27:50,43.3665,-124.2179,44.24,96,0,6.91
277,Lyubech,UA,2022-04-15 16:27:50,51.7026,30.6569,57.0,61,100,7.4
278,Walvis Bay,NA,2022-04-15 16:27:50,-22.9575,14.5053,61.09,67,2,18.54
279,Dehloran,IR,2022-04-15 16:27:51,32.6941,47.2679,80.94,11,0,10.04
280,Xichang,CN,2022-04-15 16:27:51,27.8964,102.2634,53.96,87,48,6.04
281,Pochutla,MX,2022-04-15 16:27:52,15.7432,-96.4661,91.81,44,15,5.93
282,Leningradskiy,RU,2022-04-15 16:25:56,69.3833,178.4167,12.34,95,100,9.78
283,Cabedelo,BR,2022-04-15 16:25:52,-6.9811,-34.8339,90.27,64,42,8.28
284,Morro Bay,US,2022-04-15 16:25:40,35.3658,-120.8499,64.51,76,26,1.99
285,Fort-Shevchenko,KZ,2022-04-15 16:27:52,44.5086,50.263,50.59,74,2,6.91
286,Jurm,AF,2022-04-15 16:27:53,36.8648,70.8342,63.39,42,29,3.02
287,Troitskoye,RU,2022-04-15 16:27:08,52.9821,84.6757,47.39,58,4,4.68
288,Mumford,GH,2022-04-15 16:27:53,5.2618,-0.759,84.07,74,62,14.27
289,Korcula,HR,2022-04-15 16:27:53,42.9622,17.1369,61.27,58,37,7.23
290,Gobabis,NA,2022-04-15 16:27:54,-22.45,18.9667,76.53,31,86,14.43
291,Waterbury,US,2022-04-15 16:23:57,41.5582,-73.0515,65.48,22,0,10.36
292,Barentu,ER,2022-04-15 16:27:54,15.1139,37.5928,94.3,19,35,15.9
293,Camabatela,AO,2022-04-15 16:27:55,-8.1881,15.375,66.67,95,100,2.21
294,Dickinson,US,2022-04-15 16:27:55,29.4608,-95.0513,81.14,87,100,14.97
295,Ancud,CL,2022-04-15 16:24:05,-41.8697,-73.8203,58.23,76,90,2.1
296,Buarcos,PT,2022-04-15 16:27:56,40.166,-8.8768,66.54,76,95,12.06
297,Anchorage,US,2022-04-15 16:23:51,61.2181,-149.9003,35.2,74,20,3.44
298,Bambous Virieux,MU,2022-04-15 16:27:56,-20.3428,57.7575,77.25,83,40,13.8
299,Havre-Saint-Pierre,CA,2022-04-15 16:27:56,50.2334,-63.5986,34.16,93,100,12.66
300,Viga,PH,2022-04-15 16:27:57,13.8719,124.3091,76.17,88,9,2.98
301,Lompoc,US,2022-04-15 16:27:57,34.6391,-120.4579,62.62,72,0,12.66
302,Masvingo,ZW,2022-04-15 16:27:57,-20.0637,30.8277,70.11,79,94,7.65
303,Svetlaya,RU,2022-04-15 16:27:58,46.5389,138.3297,32.5,81,2,4.7
304,Great Bend,US,2022-04-15 16:27:58,38.3645,-98.7648,61.84,41,0,17.27
305,Genhe,CN,2022-04-15 16:27:58,50.7833,121.5167,30.0,53,38,10.2
306,Praia Da Vitoria,PT,2022-04-15 16:27:59,38.7333,-27.0667,66.45,63,20,15.7
307,Hat Yai,TH,2022-04-15 16:27:59,7.0084,100.4767,78.98,100,20,0.0
308,Sitka,US,2022-04-15 16:28:00,57.0531,-135.33,35.49,55,0,0.0
309,Fairbanks,US,2022-04-15 16:26:07,64.8378,-147.7164,25.14,43,0,11.5
310,Necochea,AR,2022-04-15 16:28:00,-38.5473,-58.7368,65.44,48,0,12.26
311,Arona,ES,2022-04-15 16:28:00,28.0996,-16.681,72.12,47,0,16.11
312,Kannur,IN,2022-04-15 16:28:01,11.8675,75.3576,82.26,78,34,1.59
313,Khurja,IN,2022-04-15 16:28:01,28.25,77.85,88.32,10,36,7.07
314,Rizhao,CN,2022-04-15 16:28:01,35.4275,119.4553,46.11,34,100,6.93
315,Sioux Lookout,CA,2022-04-15 16:28:02,50.1001,-91.917,15.87,73,100,12.66
316,Gwanda,ZW,2022-04-15 16:28:02,-20.9333,29.0,72.19,69,98,7.45
317,Nanakuli,US,2022-04-15 16:28:03,21.3906,-158.1547,73.35,68,0,4.61
318,Sur,OM,2022-04-15 16:28:03,22.5667,59.5289,92.1,34,34,7.49
319,Mezen,RU,2022-04-15 16:29:03,65.8522,44.24,26.58,90,43,4.18
320,Datong,CN,2022-04-15 16:29:05,40.0936,113.2914,45.72,16,4,3.76
321,Sao Miguel Do Araguaia,BR,2022-04-15 16:29:05,-13.275,-50.1628,86.99,58,80,2.17
322,Chemal,RU,2022-04-15 16:29:06,51.4111,86.005,44.1,67,1,3.47
323,Karratha,AU,2022-04-15 16:29:06,-20.7377,116.8463,85.15,69,37,2.51
324,Palmer,US,2022-04-15 16:29:06,42.1584,-72.3287,64.44,22,20,20.71
325,Constitucion,CL,2022-04-15 16:29:07,-35.3333,-72.4167,60.73,64,69,4.54
326,Mount Isa,AU,2022-04-15 16:29:07,-20.7333,139.5,71.37,43,37,1.14
327,Lamesa,US,2022-04-15 16:29:07,32.7376,-101.951,75.52,43,5,14.88
328,Shangzhi,CN,2022-04-15 16:29:08,45.2167,127.9667,41.2,40,23,8.41
329,Swellendam,ZA,2022-04-15 16:29:08,-34.0226,20.4417,56.37,58,65,9.15
330,Emerald,AU,2022-04-15 16:29:08,-23.5333,148.1667,64.54,68,40,3.44
331,Lujan,AR,2022-04-15 16:29:09,-34.5703,-59.105,68.83,60,1,4.0
332,Muli,MV,2022-04-15 16:29:09,2.9167,73.5667,84.72,68,38,4.63
333,Derzhavinsk,KZ,2022-04-15 16:29:10,51.1,66.3167,62.6,43,67,11.59
334,Juneau,US,2022-04-15 16:28:33,58.3019,-134.4197,33.22,64,0,3.44
335,Carman,CA,2022-04-15 16:29:10,49.4992,-98.0016,16.14,79,100,13.8
336,Mahebourg,MU,2022-04-15 16:29:10,-20.4081,57.7,77.29,83,40,13.8
337,Aswan,EG,2022-04-15 16:29:11,24.0934,32.907,96.1,7,0,8.05
338,Lorengau,PG,2022-04-15 16:26:34,-2.0226,147.2712,81.63,78,37,5.91
339,Akureyri,IS,2022-04-15 16:29:11,65.6835,-18.0878,51.73,58,75,19.57
340,Roald,NO,2022-04-15 16:29:11,62.5833,6.1333,54.52,81,20,10.36
341,Wangaratta,AU,2022-04-15 16:29:12,-36.3667,146.3333,58.89,93,89,1.14
342,Novoilinsk,RU,2022-04-15 16:29:12,51.6829,108.7143,33.51,68,100,4.29
343,Mbandaka,CD,2022-04-15 16:29:12,0.0487,18.2603,80.13,72,85,3.44
344,Solnechnyy,RU,2022-04-15 16:29:13,50.7214,136.6319,32.18,71,100,7.94
345,Coihaique,CL,2022-04-15 16:29:13,-45.5752,-72.0662,61.41,59,75,5.75
346,Novopokrovka,UA,2022-04-15 16:29:13,49.8425,36.5477,57.25,57,100,5.21
347,Salym,RU,2022-04-15 16:29:14,60.0625,71.4789,46.96,94,100,8.01
348,Bardiyah,LY,2022-04-15 16:29:14,31.7561,25.0865,62.22,72,100,16.55
349,Tomatlan,MX,2022-04-15 16:29:14,19.9333,-105.25,83.57,39,100,4.68
350,Kupino,RU,2022-04-15 16:29:15,54.3663,77.2981,53.92,42,5,9.01
351,Kyren,RU,2022-04-15 16:29:15,51.6828,102.1408,33.58,55,47,3.85
352,Mancio Lima,BR,2022-04-15 16:29:15,-7.6142,-72.8958,75.27,100,75,3.44
353,Portland,US,2022-04-15 16:28:53,45.5234,-122.6762,42.42,93,75,3.44
354,Sao Filipe,CV,2022-04-15 16:29:16,14.8961,-24.4956,71.6,76,0,8.86
355,Artigas,UY,2022-04-15 16:25:27,-30.4,-56.4667,65.79,48,0,6.67
356,Tabaan,PH,2022-04-15 16:29:17,16.3,120.5167,72.73,87,84,2.19
357,Chase,CA,2022-04-15 16:25:45,50.8165,-119.6857,41.07,56,100,1.05
358,Visnes,NO,2022-04-15 16:29:17,59.3556,5.2242,50.83,66,20,3.44
359,Lake Havasu City,US,2022-04-15 16:29:18,34.4839,-114.3224,74.07,21,0,5.01
360,Faanui,PF,2022-04-15 16:24:24,-16.4833,-151.75,81.86,72,8,17.67
361,Nushki,PK,2022-04-15 16:29:18,29.5542,66.0215,81.37,7,46,9.13
362,Dali,CN,2022-04-15 16:29:19,25.7,100.1833,58.23,72,10,5.46
363,Santa Rosalia,MX,2022-04-15 16:29:19,27.3167,-112.2833,74.89,20,99,3.42
364,Iqaluit,CA,2022-04-15 16:29:19,63.7506,-68.5145,6.53,65,20,13.8
365,Rongcheng,CN,2022-04-15 16:29:20,30.634,117.8517,54.81,76,100,6.89
366,Marica,BR,2022-04-15 16:27:45,-22.9194,-42.8186,75.15,59,76,16.6
367,Puteyets,RU,2022-04-15 16:30:21,65.1716,57.091,25.34,88,100,11.21
368,Kerrobert,CA,2022-04-15 16:30:21,51.9168,-109.1348,19.45,82,100,5.53
369,Gidole,ET,2022-04-15 16:30:22,5.65,37.3667,59.56,84,100,3.53
370,Bambanglipuro,ID,2022-04-15 16:30:22,-7.95,110.2833,77.59,90,96,2.89
371,Tambo,PE,2022-04-15 16:30:22,-14.8,-73.9167,53.71,25,5,9.48
372,Taungdwingyi,MM,2022-04-15 16:30:23,20.0167,95.55,87.57,55,60,4.99
373,Qui Nhon,VN,2022-04-15 16:30:24,13.7667,109.2333,76.95,93,22,2.77
374,Talnakh,RU,2022-04-15 16:30:24,69.4865,88.3972,34.21,99,100,8.77
375,Nioro,GM,2022-04-15 16:30:24,13.35,-15.75,102.45,10,17,6.17
376,Gat,IL,2022-04-15 16:30:25,31.61,34.7642,69.4,43,13,9.17
377,Sicamous,CA,2022-04-15 16:30:25,50.8331,-118.9856,41.18,43,100,2.35
378,Priyutovo,RU,2022-04-15 16:30:25,53.9,53.9333,36.16,97,100,15.97
379,Erenhot,CN,2022-04-15 16:30:26,43.6475,111.9767,43.0,17,76,5.66
380,Kilindoni,TZ,2022-04-15 16:30:26,-7.9139,39.6668,82.15,81,100,17.4
381,Mpika,ZM,2022-04-15 16:30:27,-11.8343,31.4529,63.45,97,59,4.68
382,Dese,ET,2022-04-15 16:26:51,11.1333,39.6333,61.75,63,86,4.14
383,Norman,US,2022-04-15 16:26:22,35.2226,-97.4395,72.9,50,1,14.0
384,Carauari,BR,2022-04-15 16:30:27,-4.8828,-66.8958,73.71,96,100,2.44
385,Repalle,IN,2022-04-15 16:30:28,16.0167,80.85,82.44,85,39,8.32
386,Wielun,PL,2022-04-15 16:30:29,51.221,18.5696,48.27,80,77,12.57
387,Ilam,NP,2022-04-15 16:30:30,26.9167,87.9167,71.24,28,1,7.14
388,Jiangyou,CN,2022-04-15 16:30:30,31.7667,104.7167,49.55,91,100,4.21
389,Grao Mogol,BR,2022-04-15 16:30:30,-16.5594,-42.8897,85.15,46,26,4.32
390,Marsa Matruh,EG,2022-04-15 16:30:31,31.3525,27.2453,62.8,67,100,13.8
391,Beidao,CN,2022-04-15 16:30:31,34.5686,105.8933,41.67,89,100,3.24
392,Kholmy,UA,2022-04-15 16:30:31,51.871,32.6006,54.1,65,99,10.51
393,Comodoro Rivadavia,AR,2022-04-15 16:30:02,-45.8667,-67.5,69.66,35,0,19.57
394,Kichera,RU,2022-04-15 16:30:32,55.9375,110.0997,28.06,89,100,3.29
395,Katsuura,JP,2022-04-15 16:30:33,35.1333,140.3,50.76,90,100,27.13
396,Whyalla,AU,2022-04-15 16:30:33,-33.0333,137.5833,57.09,94,0,1.14
397,Am Timan,TD,2022-04-15 16:30:33,11.0297,20.2827,98.96,18,45,3.06
398,Sorland,NO,2022-04-15 16:30:34,67.667,12.6934,38.62,67,100,10.94
399,Bogorodskoye,RU,2022-04-15 16:30:34,56.55,37.8833,40.14,97,100,4.52
400,Kenora,CA,2022-04-15 16:30:34,49.8167,-94.4337,16.77,67,75,12.66
401,Kafanchan,NG,2022-04-15 16:30:35,9.5833,8.3,70.12,80,87,15.66
402,Port Blair,IN,2022-04-15 16:30:11,11.6667,92.75,80.64,89,20,2.3
403,Soria,ES,2022-04-15 16:30:35,41.6667,-2.6667,68.86,50,18,2.3
404,Tamale,GH,2022-04-15 16:30:35,9.4008,-0.8393,95.9,35,87,6.33
405,Sfantu Gheorghe,RO,2022-04-15 16:25:52,45.8667,25.7833,65.57,41,16,6.33
406,Guarapari,BR,2022-04-15 16:30:36,-20.6667,-40.4975,77.9,62,92,19.35
407,Cap Malheureux,MU,2022-04-15 16:30:36,-19.9842,57.6142,76.46,82,5,7.0
408,Bonavista,CA,2022-04-15 16:30:37,48.6499,-53.1147,33.53,71,43,3.44
409,Marondera,ZW,2022-04-15 16:30:37,-18.1853,31.5519,64.42,68,16,5.55
410,Almetyevsk,RU,2022-04-15 16:30:37,54.9044,52.3154,39.74,97,100,13.6
411,Floro,NO,2022-04-15 16:30:38,61.5996,5.0328,46.36,76,98,11.5
412,Norman Wells,CA,2022-04-15 16:26:37,65.282,-126.8329,1.44,60,40,8.05
413,Chlorakas,CY,2022-04-15 16:31:38,34.8042,32.4083,65.28,48,0,5.75
414,Key West,US,2022-04-15 16:27:59,24.5557,-81.7826,87.8,71,100,8.05
415,Ambon,ID,2022-04-15 16:31:38,-3.6954,128.1814,78.94,89,20,8.05
416,Itarema,BR,2022-04-15 16:31:39,-2.9248,-39.9167,85.08,68,80,8.86
417,Moscow,RU,2022-04-15 16:27:36,55.7522,37.6156,52.03,89,100,3.47
418,Kisangani,CD,2022-04-15 16:31:39,0.5167,25.2,73.33,90,100,2.28
419,Sambava,MG,2022-04-15 16:31:39,-14.2667,50.1667,78.44,86,67,10.98
420,Galle,LK,2022-04-15 16:31:40,6.0367,80.217,81.73,77,5,4.18
421,Port-Cartier,CA,2022-04-15 16:31:40,50.0334,-66.8654,35.74,99,100,4.99
422,Talaya,RU,2022-04-15 16:31:40,61.3833,152.75,-4.65,100,100,0.74
423,Balagunan,PH,2022-04-15 16:31:41,7.4922,125.5211,77.76,89,82,1.99
424,Kosh-Agach,RU,2022-04-15 16:31:41,50.0,88.6667,28.54,37,1,2.24
425,Aksarka,RU,2022-04-15 16:31:41,66.5606,67.7975,18.07,91,99,6.87
426,Vuktyl,RU,2022-04-15 16:31:41,63.8567,57.3094,27.12,83,100,12.57
427,Bacolod,PH,2022-04-15 16:28:43,10.6667,122.95,78.33,87,30,4.21
428,Nishihara,JP,2022-04-15 16:31:42,26.1842,127.7558,70.88,76,100,21.85
429,Hovd,MN,2022-04-15 16:31:42,48.0056,91.6419,32.61,35,0,6.24
430,San Carlos De Bariloche,AR,2022-04-15 16:30:30,-41.1456,-71.3082,60.55,44,0,10.36
431,Santo Antonio Do Ica,BR,2022-04-15 16:31:43,-3.1022,-67.9397,80.17,86,100,2.66
432,Port Hardy,CA,2022-04-15 16:30:14,50.6996,-127.4199,42.8,70,20,3.44
433,Kargil,IN,2022-04-15 16:31:43,34.5667,76.1,33.94,57,88,5.97
434,Tanout,NE,2022-04-15 16:31:43,14.9709,8.8879,97.57,18,68,10.63
435,Sumenep,ID,2022-04-15 16:31:44,-7.0167,113.8667,79.61,83,80,1.45
436,Hampton,US,2022-04-15 16:31:01,37.0299,-76.3452,69.82,32,40,11.5
437,Malartic,CA,2022-04-15 16:26:59,48.1335,-78.1328,37.51,64,98,14.12
438,Caravelas,BR,2022-04-15 16:26:51,-17.7125,-39.2481,80.08,86,65,11.7
439,Provideniya,RU,2022-04-15 16:31:44,64.3833,-173.3,29.98,94,100,18.97
440,Bongaree,AU,2022-04-15 16:31:45,-27.0797,153.1586,66.06,78,21,13.13
441,Killam,CA,2022-04-15 16:31:45,52.7834,-111.8518,22.95,80,100,2.3
442,Agirish,RU,2022-04-15 16:31:45,61.9247,63.0231,30.27,97,100,6.69
443,Porto Novo,BJ,2022-04-15 16:31:46,6.4965,2.6036,87.62,68,22,12.88
444,Seymchan,RU,2022-04-15 16:31:46,62.8833,152.4333,5.65,95,99,2.59
445,Avera,US,2022-04-15 16:31:46,33.194,-82.5271,72.91,32,15,12.95
446,Baruun-Urt,MN,2022-04-15 16:31:47,46.6806,113.2792,36.52,34,0,9.28
447,Jijiga,ET,2022-04-15 16:31:47,9.35,42.8,67.62,76,89,8.77
448,Montrose,US,2022-04-15 16:31:47,38.4166,-108.2673,47.61,28,13,16.42
449,Merritt Island,US,2022-04-15 16:31:48,28.5392,-80.672,82.49,74,40,11.5
450,Birao,CF,2022-04-15 16:31:48,10.2849,22.7882,92.25,10,83,4.72
451,Vila Velha,BR,2022-04-15 16:31:48,-20.3297,-40.2925,82.35,67,0,21.0
452,Kieta,PG,2022-04-15 16:31:49,-6.2167,155.6333,78.84,83,100,2.91
453,Warmbad,NA,2022-04-15 16:31:49,-28.45,18.7333,68.22,20,38,5.68
454,Mount Gambier,AU,2022-04-15 16:31:34,-37.8333,140.7667,60.71,100,100,3.44
455,Mitsamiouli,KM,2022-04-15 16:31:49,-11.3847,43.2844,83.07,79,14,8.32
456,Suntar,RU,2022-04-15 16:32:50,62.1444,117.6319,19.94,92,99,8.3
457,Ludwigslust,DE,2022-04-15 16:32:50,53.3167,11.5,46.81,79,96,9.66
458,Broken Hill,AU,2022-04-15 16:32:51,-31.95,141.4333,60.51,55,7,6.91
459,Winslow,US,2022-04-15 16:28:07,35.0242,-110.6974,62.78,13,0,13.8
460,Kudahuvadhoo,MV,2022-04-15 16:32:51,2.6708,72.8944,84.6,68,18,4.43
461,Chara,RU,2022-04-15 16:32:51,56.9064,118.2631,14.86,80,74,4.94
462,Dolakovo,RU,2022-04-15 16:32:52,43.235,44.5917,53.46,66,40,11.18
463,Bratsk,RU,2022-04-15 16:31:22,56.1325,101.6142,43.29,90,100,3.33
464,Hualmay,PE,2022-04-15 16:32:52,-11.0964,-77.6139,72.12,70,34,11.99
465,Bowen,AU,2022-04-15 16:27:58,-20.0167,148.2333,68.61,84,2,8.39
466,Henties Bay,NA,2022-04-15 16:32:52,-22.116,14.2845,60.62,81,2,11.99
467,Xuzhou,CN,2022-04-15 16:32:53,34.1805,117.1571,48.22,37,99,3.91
468,Jyvaskyla,FI,2022-04-15 16:32:53,62.2415,25.7209,41.34,56,0,9.22
469,Vagur,FO,2022-04-15 16:32:53,61.4732,-6.8119,46.65,98,100,12.21
470,Dudinka,RU,2022-04-15 16:32:53,69.4058,86.1778,34.63,89,98,16.24
471,College,US,2022-04-15 16:32:54,64.8569,-147.8028,26.8,42,20,11.5
472,Shumskiy,RU,2022-04-15 16:32:54,54.8318,99.1328,39.07,71,89,3.71
473,Haileybury,CA,2022-04-15 16:32:55,47.449,-79.6373,34.38,59,99,15.79
474,Kaitangata,NZ,2022-04-15 16:32:55,-46.2817,169.8464,56.98,63,97,12.06
475,Ixtapa,MX,2022-04-15 16:32:55,20.7,-105.2,74.43,69,40,3.44
476,Lively,CA,2022-04-15 16:32:56,46.4334,-81.1498,36.52,81,100,15.9
477,Abha,SA,2022-04-15 16:32:56,18.2164,42.5053,69.62,46,75,4.61
478,Sinazongwe,ZM,2022-04-15 16:32:56,-17.2614,27.4618,79.5,66,20,5.59
479,Ust-Uda,RU,2022-04-15 16:32:56,54.1742,103.0304,31.51,85,100,1.36
480,Nikki,BJ,2022-04-15 16:32:57,9.9401,3.2108,94.78,33,99,5.39
481,Taoudenni,ML,2022-04-15 16:32:57,22.6783,-3.9836,91.96,8,0,14.88
482,Nanjangud,IN,2022-04-15 16:30:14,12.1197,76.6828,77.9,76,87,10.74
483,Darhan,MN,2022-04-15 16:32:57,49.4867,105.9228,38.89,47,0,5.48
484,Morozovsk,RU,2022-04-15 16:32:58,48.3539,41.8261,52.95,65,22,4.54
485,Santa Cruz,BO,2022-04-15 16:30:04,-17.8,-63.1667,78.85,44,40,12.66
486,Hofn,IS,2022-04-15 16:32:58,64.2539,-15.2082,45.43,95,75,3.4
487,Strelka,RU,2022-04-15 16:32:58,58.0728,93.0344,36.0,96,98,3.02
488,Balakhninskiy,RU,2022-04-15 16:32:59,58.0106,114.2769,11.41,93,97,4.38
489,Kaniama,CD,2022-04-15 16:32:59,-7.5667,24.1833,69.58,93,95,4.23
490,Beni Mazar,EG,2022-04-15 16:32:59,28.4962,30.8029,78.84,17,59,14.83
491,Olinda,BR,2022-04-15 16:33:00,-8.0089,-34.8553,87.53,62,20,9.22
492,Saint Leonard,CA,2022-04-15 16:31:02,47.173,-67.9247,50.77,80,86,5.44
493,Wanning,CN,2022-04-15 16:33:00,18.8003,110.3967,75.94,92,7,6.85
494,Casper,US,2022-04-15 16:33:00,42.8666,-106.3131,24.73,78,100,8.05
495,Partenit,UA,2022-04-15 16:33:01,44.578,34.3446,50.36,88,74,3.22
496,Sidi Ali,DZ,2022-04-15 16:33:01,36.0998,0.4206,58.59,72,59,15.55
497,Sola,VU,2022-04-15 16:33:01,-13.8833,167.55,80.87,72,80,0.98
498,Snyder,US,2022-04-15 16:33:02,32.7179,-100.9176,79.09,43,0,12.66
499,Bangassou,CF,2022-04-15 16:33:02,4.7413,22.8184,73.81,86,98,3.94
500,Shitkino,RU,2022-04-15 16:34:02,56.3703,98.3543,33.89,91,100,3.85
501,Nelson Bay,AU,2022-04-15 16:34:03,-32.7167,152.15,62.01,96,100,4.61
502,Karpogory,RU,2022-04-15 16:34:03,64.0019,44.4451,23.07,91,87,4.68
503,Ismailia,EG,2022-04-15 16:34:03,30.6043,32.2723,68.07,60,0,12.66
504,Shieli,KZ,2022-04-15 16:34:04,44.1667,66.75,73.02,14,97,9.42
505,Cascais,PT,2022-04-15 16:33:46,38.6979,-9.4215,76.35,60,20,12.66
506,Alyangula,AU,2022-04-15 16:34:04,-13.8483,136.4192,76.87,94,40,6.91
507,Costa Mesa,US,2022-04-15 16:29:45,33.6411,-117.9187,64.85,73,40,1.99
508,Havoysund,NO,2022-04-15 16:34:05,70.9963,24.6622,37.63,97,100,25.34
509,Bilma,NE,2022-04-15 16:34:05,18.6853,12.9164,99.63,6,93,11.01
510,Severo-Yeniseyskiy,RU,2022-04-15 16:34:05,60.3725,93.0408,32.45,98,99,2.95
511,Kupang,ID,2022-04-15 16:34:06,-10.1667,123.5833,79.43,82,70,7.56
512,West Plains,US,2022-04-15 16:34:06,36.7281,-91.8524,54.43,78,100,8.05
513,Abu Dhabi,AE,2022-04-15 16:29:22,24.4667,54.3667,89.71,65,0,4.61
514,Filadelfia,US,2022-04-15 16:33:13,39.9523,-75.1638,69.03,22,20,14.97
515,Severnoye,RU,2022-04-15 16:34:06,56.3491,78.3619,45.46,69,31,7.18
516,Garmsar,IR,2022-04-15 16:34:07,35.2182,52.3409,71.76,36,88,3.53
517,Zhigansk,RU,2022-04-15 16:34:07,66.7697,123.3711,5.18,94,64,12.39
518,Coquimbo,CL,2022-04-15 16:34:07,-29.9533,-71.3436,64.13,59,20,6.91
519,Nchelenge,ZM,2022-04-15 16:34:08,-9.3451,28.734,72.21,85,99,5.23
520,Pacifica,US,2022-04-15 16:34:08,37.6138,-122.4869,56.64,77,40,4.61
521,Hobyo,SO,2022-04-15 16:34:08,5.3505,48.5268,83.73,67,84,11.36
522,Launceston,AU,2022-04-15 16:34:09,-41.45,147.1667,54.16,97,40,9.22
523,Araouane,ML,2022-04-15 16:34:09,18.9048,-3.5265,98.29,7,3,10.33
524,Estevan,CA,2022-04-15 16:29:11,49.1334,-102.9842,16.0,73,100,18.41
525,Madaoua,NE,2022-04-15 16:34:10,14.073,5.96,94.39,30,90,9.71
526,Alice Springs,AU,2022-04-15 16:31:13,-23.7,133.8833,76.55,32,10,9.22
527,La Peca,PE,2022-04-15 16:34:10,-5.6111,-78.435,78.37,71,84,4.88
528,Kollam,IN,2022-04-15 16:34:10,8.8833,76.6,82.81,76,13,3.83
529,General Roca,AR,2022-04-15 16:34:11,-39.0333,-67.5833,75.92,22,1,5.12
530,Chalette-Sur-Loing,FR,2022-04-15 16:34:11,48.0134,2.7359,70.21,66,24,7.25
531,Trois-Rivieres,CA,2022-04-15 16:32:02,46.3501,-72.5491,52.47,54,0,14.97
532,Middle Island,US,2022-04-15 16:33:46,40.8843,-72.9373,68.45,34,0,13.8
533,Buraydah,SA,2022-04-15 16:34:11,26.326,43.975,86.45,23,12,28.79
534,Alegre,BR,2022-04-15 16:34:12,-20.7636,-41.5331,67.59,94,100,2.89
535,Byron Bay,AU,2022-04-15 16:34:12,-28.65,153.6167,64.29,79,34,8.84
536,Myitkyina,MM,2022-04-15 16:34:13,25.3833,97.4,72.39,73,32,2.06
537,Mpulungu,ZM,2022-04-15 16:34:13,-8.7623,31.1141,73.67,83,99,2.8
538,Kloulklubed,PW,2022-04-15 16:34:13,7.0419,134.2556,77.5,79,100,7.49
539,Hami,CN,2022-04-15 16:34:13,42.8,93.45,47.19,31,45,10.78
540,Saint-Francois,FR,2022-04-15 16:34:14,46.4154,3.9054,71.04,43,0,10.36
541,Ayan,RU,2022-04-15 16:34:14,56.45,138.1667,20.84,92,65,8.03
542,Goderich,CA,2022-04-15 16:34:14,43.7501,-81.7165,50.92,49,87,19.57
543,Kawambwa,ZM,2022-04-15 16:34:15,-9.7915,29.0791,64.9,95,100,4.81
544,Vila Franca Do Campo,PT,2022-04-15 16:34:15,37.7167,-25.4333,64.81,87,53,12.64
545,San Blas,MX,2022-04-15 16:34:15,21.5167,-105.2667,85.89,42,92,5.41
546,Ndele,CF,2022-04-15 16:34:16,8.4109,20.6473,88.25,35,94,3.89
547,Asau,RO,2022-04-15 16:35:16,46.4333,26.4,67.28,54,22,6.24
548,Lastoursville,GA,2022-04-15 16:35:17,-0.8143,12.7287,75.02,95,93,1.07
549,Brufut,GM,2022-04-15 16:35:17,13.3814,-16.7518,70.56,78,6,15.14
550,Langa,DK,2022-04-15 16:35:17,56.3903,9.8949,46.51,66,84,6.78
551,Litovko,RU,2022-04-15 16:35:18,49.2361,135.1742,33.31,72,100,1.5
552,Iralaya,HN,2022-04-15 16:35:18,15.0,-83.2333,84.72,61,81,10.74
553,Caiaponia,BR,2022-04-15 16:35:18,-16.9567,-51.8103,81.75,56,42,4.65
554,Ridge,US,2022-04-15 16:33:26,40.894,-72.8959,67.28,38,0,12.66
555,Assare,BR,2022-04-15 16:35:19,-6.8744,-39.875,92.84,36,11,4.79
556,Travnik,BA,2022-04-15 16:35:19,44.2267,17.6706,58.23,86,81,5.68
557,Kill,IE,2022-04-15 16:35:20,52.1761,-7.335,59.4,79,20,17.27
558,Mondlo,ZA,2022-04-15 16:35:20,-27.983,30.7177,59.86,94,6,13.85
559,Vargashi,RU,2022-04-15 16:35:21,55.3556,65.8467,61.63,46,100,11.97
560,Susanville,US,2022-04-15 16:34:30,40.4163,-120.653,43.92,65,82,7.0
561,Verkhnevilyuysk,RU,2022-04-15 16:35:21,63.4453,120.3167,21.92,93,99,6.73
562,Finnsnes,NO,2022-04-15 16:35:21,69.2296,17.9811,41.61,69,100,4.47
